timestamp,initial_price,final_price,tick_count,max_gap,volume_sum,future_return,target,label_source,label_threshold,label_version
2025-11-19 23:45:00,91307.0,91558.8,15,60.0,95.30675,0.0027577294183359453,1.0,bybit_spot_1m_ohlcv,0.002,v1
2026-04-02 02:00:00,67301.8,66862.2,15,60.0,242.12224700000002,-0.006531771809966438,0.0,bybit_spot_1m_ohlcv,0.002,v1
2026-02-27 00:30:00,67299.2,67130.9,15,60.0,113.451241,-0.0025007726689173187,0.0,bybit_spot_1m_ohlcv,0.002,v1
2025-08-01 20:15:00,113199.4,113479.9,15,60.0,98.272162,0.0024779283282420008,1.0,bybit_spot_1m_ohlcv,0.002,v1
2026-04-16 17:15:00,73983.4,74217.1,15,60.0,198.251782,0.0031588167075318045,1.0,bybit_spot_1m_ohlcv,0.002,v1
2026-03-14 14:30:00,70814.1,70597.9,15,60.0,64.250583,-0.0030530642908687474,0.0,bybit_spot_1m_ohlcv,0.002,v1
2025-11-14 07:15:00,97344.9,97706.3,15,60.0,207.017332,0.0037125725127870593,1.0,bybit_spot_1m_ohlcv,0.002,v1
2025-07-22 02:30:00,117549.5,117280.7,15,60.0,74.766382,-0.002286696242859396,0.0,bybit_spot_1m_ohlcv,0.002,v1
2025-09-22 00:45:00,114840.7,114390.0,15,60.0,352.993537,-0.003924566812985232,0.0,bybit_spot_1m_ohlcv,0.002,v1
2026-03-27 10:30:00,67754.9,66903.1,15,60.0,558.611951,-0.012571784476103954,0.0,bybit_spot_1m_ohlcv,0.002,v1
2026-02-02 05:00:00,75956.1,75521.4,15,60.0,240.20873699999999,-0.0057230426522689535,0.0,bybit_spot_1m_ohlcv,0.002,v1
2025-06-19 01:00:00,104930.0,104545.3,15,60.0,160.809639,-0.003666253692938086,0.0,bybit_spot_1m_ohlcv,0.002,v1
2025-08-11 18:45:00,119538.8,119781.2,15,60.0,51.593705,0.0020277934862989433,1.0,bybit_spot_1m_ohlcv,0.002,v1
2025-10-28 14:30:00,115927.5,114776.1,15,60.0,243.07037400000002,-0.009932069612473176,0.0,bybit_spot_1m_ohlcv,0.002,v1
2026-02-26 10:30:00,68282.1,68440.4,15,60.0,91.922508,0.002318323543065987,1.0,bybit_spot_1m_ohlcv,0.002,v1
2025-11-16 20:45:00,94290.0,94094.4,15,60.0,64.90522,-0.0020744511613108893,0.0,bybit_spot_1m_ohlcv,0.002,v1
2026-01-26 00:45:00,86610.0,86846.2,15,60.0,94.718724,0.0027271677635376324,1.0,bybit_spot_1m_ohlcv,0.002,v1
2026-04-10 01:30:00,71908.4,72303.1,15,60.0,244.92358099999998,0.005488927580088086,1.0,bybit_spot_1m_ohlcv,0.002,v1
2025-12-08 18:15:00,90357.2,90140.8,15,60.0,106.568151,-0.002394939196876306,0.0,bybit_spot_1m_ohlcv,0.002,v1
2025-11-16 16:45:00,94426.0,94221.1,15,60.0,176.4745,-0.002169953190858365,0.0,bybit_spot_1m_ohlcv,0.002,v1
2026-05-14 10:30:00,79689.4,79460.7,15,60.0,80.254422,-0.0028698923570762763,0.0,bybit_spot_1m_ohlcv,0.002,v1
2025-08-01 15:00:00,115638.0,115129.9,15,60.0,108.536754,-0.004393884363271601,0.0,bybit_spot_1m_ohlcv,0.002,v1
2026-02-11 15:00:00,66363.6,66110.9,15,60.0,380.430319,-0.0038078103056496,0.0,bybit_spot_1m_ohlcv,0.002,v1
2026-06-08 04:30:00,62902.3,62703.1,15,60.0,109.694923,-0.0031668158398023795,0.0,bybit_spot_1m_ohlcv,0.002,v1
2025-10-14 15:00:00,111470.6,111187.9,15,60.0,102.35391899999999,-0.0025360947191457577,0.0,bybit_spot_1m_ohlcv,0.002,v1
2026-06-03 20:00:00,65386.1,65580.5,15,60.0,176.795712,0.002973108963525864,1.0,bybit_spot_1m_ohlcv,0.002,v1
2025-07-16 06:30:00,118002.0,118269.0,15,60.0,68.893224,0.0022626735140082177,1.0,bybit_spot_1m_ohlcv,0.002,v1
2025-12-03 14:15:00,92240.2,92548.2,15,60.0,196.317536,0.0033391081112139464,1.0,bybit_spot_1m_ohlcv,0.002,v1
2026-02-01 14:15:00,78203.0,77849.2,15,60.0,136.292751,-0.004524123115481483,0.0,bybit_spot_1m_ohlcv,0.002,v1
2026-03-09 13:30:00,68777.1,69237.7,15,60.0,308.198042,0.0066969965293678345,1.0,bybit_spot_1m_ohlcv,0.002,v1
2026-04-24 15:30:00,77806.2,77976.8,15,60.0,128.807283,0.0021926273227583872,1.0,bybit_spot_1m_ohlcv,0.002,v1
2025-07-22 16:00:00,118847.8,119223.2,15,60.0,162.456414,0.0031586617505750298,1.0,bybit_spot_1m_ohlcv,0.002,v1
2026-01-30 23:30:00,84037.1,84231.0,15,60.0,45.542873,0.0023073142695308603,1.0,bybit_spot_1m_ohlcv,0.002,v1
2026-04-19 13:15:00,75766.6,76043.3,15,60.0,265.889842,0.003652004973167509,1.0,bybit_spot_1m_ohlcv,0.002,v1
2025-05-30 16:30:00,104710.0,104399.6,15,60.0,436.768551,-0.0029643778053671205,0.0,bybit_spot_1m_ohlcv,0.002,v1
2025-05-03 23:15:00,96172.0,95935.0,15,60.0,53.116057,-0.00246433473360227,0.0,bybit_spot_1m_ohlcv,0.002,v1
2025-09-17 23:15:00,116847.3,116555.9,15,60.0,112.64572,-0.0024938530886037267,0.0,bybit_spot_1m_ohlcv,0.002,v1
2025-10-15 06:30:00,111946.8,112330.4,15,60.0,100.467511,0.0034266276481327543,1.0,bybit_spot_1m_ohlcv,0.002,v1
2026-04-28 11:00:00,76645.0,76456.7,15,60.0,129.31992,-0.002456781264270343,0.0,bybit_spot_1m_ohlcv,0.002,v1
2025-07-09 20:00:00,111690.1,111343.9,15,60.0,588.6396149999999,-0.0030996480440075576,0.0,bybit_spot_1m_ohlcv,0.002,v1
2025-10-30 04:15:00,109877.6,108390.0,15,60.0,527.053969,-0.013538701245749745,0.0,bybit_spot_1m_ohlcv,0.002,v1
2026-06-05 14:15:00,60954.8,60394.4,15,60.0,690.870378,-0.009193697625125376,0.0,bybit_spot_1m_ohlcv,0.002,v1
2026-03-11 18:45:00,70475.9,70627.5,15,60.0,86.800096,0.002151089947059969,1.0,bybit_spot_1m_ohlcv,0.002,v1
2025-05-19 02:00:00,105050.0,104590.1,15,60.0,167.14826,-0.004377915278438741,0.0,bybit_spot_1m_ohlcv,0.002,v1
2025-12-06 08:15:00,89541.1,89286.9,15,60.0,84.283909,-0.002838919780972188,0.0,bybit_spot_1m_ohlcv,0.002,v1
2025-10-12 03:45:00,110908.1,110678.6,15,60.0,71.200392,-0.0020692807829184516,0.0,bybit_spot_1m_ohlcv,0.002,v1
2025-05-12 18:15:00,102135.2,101638.6,15,60.0,218.68123500000002,-0.0048621826755123245,0.0,bybit_spot_1m_ohlcv,0.002,v1
2025-08-25 16:45:00,112778.7,112508.0,15,60.0,65.201069,-0.0024002759386302086,0.0,bybit_spot_1m_ohlcv,0.002,v1
2025-10-10 19:00:00,117279.2,116814.1,15,60.0,315.277901,-0.003965750107435822,0.0,bybit_spot_1m_ohlcv,0.002,v1
2025-07-17 01:15:00,119013.7,118686.7,15,60.0,75.161179,-0.002747582841303121,0.0,bybit_spot_1m_ohlcv,0.002,v1
2026-02-14 17:00:00,69723.0,69862.5,15,60.0,45.189331,0.0020007744933522365,1.0,bybit_spot_1m_ohlcv,0.002,v1
2026-04-06 09:00:00,69217.4,69637.0,15,60.0,175.525143,0.006062059539942265,1.0,bybit_spot_1m_ohlcv,0.002,v1
2026-03-10 01:45:00,68940.7,69259.6,15,60.0,118.246882,0.0046257145633856935,1.0,bybit_spot_1m_ohlcv,0.002,v1
2025-11-21 19:15:00,84565.1,84898.9,15,60.0,128.263844,0.003947254836806015,1.0,bybit_spot_1m_ohlcv,0.002,v1
2026-02-04 00:45:00,76071.4,75910.6,15,60.0,67.88878700000001,-0.0021138036108180767,0.0,bybit_spot_1m_ohlcv,0.002,v1
2025-07-06 20:00:00,108556.4,108796.5,15,60.0,41.727154,0.0022117535216717174,1.0,bybit_spot_1m_ohlcv,0.002,v1
2026-03-04 03:30:00,67905.7,67574.1,15,60.0,187.894375,-0.004883242496579615,0.0,bybit_spot_1m_ohlcv,0.002,v1
2025-10-31 16:30:00,110138.3,109702.4,15,60.0,76.735438,-0.0039577512999565525,0.0,bybit_spot_1m_ohlcv,0.002,v1
2025-06-27 12:15:00,106949.4,107171.9,15,60.0,48.685641000000004,0.0020804230785773266,1.0,bybit_spot_1m_ohlcv,0.002,v1
2026-04-21 17:00:00,75732.9,75539.0,15,60.0,244.111886,-0.002560313945458204,0.0,bybit_spot_1m_ohlcv,0.002,v1
2026-03-06 21:30:00,68021.9,68231.2,15,60.0,61.113352,0.003076950217503478,1.0,bybit_spot_1m_ohlcv,0.002,v1
2025-11-13 08:15:00,103452.3,103718.0,15,60.0,96.411908,0.0025683334251630414,1.0,bybit_spot_1m_ohlcv,0.002,v1
2025-11-19 16:15:00,90128.6,89690.2,15,60.0,194.713133,-0.004864160765839077,0.0,bybit_spot_1m_ohlcv,0.002,v1
2026-02-11 21:00:00,67490.3,67689.8,15,60.0,75.327237,0.002955980340878571,1.0,bybit_spot_1m_ohlcv,0.002,v1
2026-02-02 16:00:00,78831.3,79069.2,15,60.0,296.93467,0.0030178368236980888,1.0,bybit_spot_1m_ohlcv,0.002,v1
2026-02-11 05:15:00,67782.8,67583.1,15,60.0,61.717015,-0.0029461751358750912,0.0,bybit_spot_1m_ohlcv,0.002,v1
2026-06-10 15:15:00,61870.2,62262.4,15,60.0,204.390434,0.006339077617334324,1.0,bybit_spot_1m_ohlcv,0.002,v1
2025-10-14 01:00:00,114944.5,114683.5,15,60.0,158.368266,-0.002270661058162833,0.0,bybit_spot_1m_ohlcv,0.002,v1
2026-03-22 23:15:00,68300.4,68102.7,15,60.0,85.563946,-0.0028945657712106253,0.0,bybit_spot_1m_ohlcv,0.002,v1
2025-10-09 11:15:00,122255.6,122668.2,15,60.0,103.463598,0.003374896528257093,1.0,bybit_spot_1m_ohlcv,0.002,v1
2026-03-24 00:00:00,71072.7,70782.0,15,60.0,113.163697,-0.0040901780852562655,0.0,bybit_spot_1m_ohlcv,0.002,v1
2025-11-06 05:30:00,103521.0,103268.1,15,60.0,93.08477,-0.0024429825832438996,0.0,bybit_spot_1m_ohlcv,0.002,v1
2026-06-04 02:00:00,62119.9,62397.7,15,60.0,1029.302552,0.0044719968963245465,1.0,bybit_spot_1m_ohlcv,0.002,v1
2026-04-14 07:30:00,74657.9,74501.4,15,60.0,155.359468,-0.0020962282625147225,0.0,bybit_spot_1m_ohlcv,0.002,v1
2026-06-06 14:45:00,60940.6,60792.9,15,60.0,68.78712,-0.0024236715752715705,0.0,bybit_spot_1m_ohlcv,0.002,v1
2025-10-28 01:30:00,114175.6,114456.4,15,60.0,136.627032,0.002459369602611993,1.0,bybit_spot_1m_ohlcv,0.002,v1
2025-05-12 04:15:00,104127.6,103903.5,15,60.0,58.258858000000004,-0.0021521671487675087,0.0,bybit_spot_1m_ohlcv,0.002,v1
2026-03-01 19:00:00,66301.0,66068.0,15,60.0,94.50980200000001,-0.0035142758027781854,0.0,bybit_spot_1m_ohlcv,0.002,v1
2025-04-29 14:00:00,94634.1,94896.6,15,60.0,172.463832,0.0027738415645100147,1.0,bybit_spot_1m_ohlcv,0.002,v1
2025-12-14 10:00:00,90025.8,89809.0,15,60.0,39.660573,-0.0024081985386411506,0.0,bybit_spot_1m_ohlcv,0.002,v1
2025-11-24 16:45:00,87484.8,87170.6,15,60.0,154.154076,-0.0035914810344196187,0.0,bybit_spot_1m_ohlcv,0.002,v1
2025-11-21 12:15:00,82120.8,80954.1,15,60.0,842.343518,-0.014207119268199809,0.0,bybit_spot_1m_ohlcv,0.002,v1
2026-03-24 17:30:00,69216.6,68934.8,15,60.0,200.279883,-0.0040712776992802135,0.0,bybit_spot_1m_ohlcv,0.002,v1
2025-12-22 17:15:00,89155.0,89340.7,15,60.0,127.170231,0.002082889350008356,1.0,bybit_spot_1m_ohlcv,0.002,v1
2025-05-17 09:00:00,103430.0,103175.7,15,60.0,130.795482,-0.002458667697959977,0.0,bybit_spot_1m_ohlcv,0.002,v1
2025-10-16 16:00:00,108342.6,108568.7,15,60.0,335.186887,0.0020868984129971883,1.0,bybit_spot_1m_ohlcv,0.002,v1
2025-12-19 17:15:00,88203.4,87615.7,15,60.0,135.663788,-0.0066630084554562576,0.0,bybit_spot_1m_ohlcv,0.002,v1
2025-06-17 00:45:00,106818.8,107243.5,15,60.0,122.46602899999999,0.003975891884200095,1.0,bybit_spot_1m_ohlcv,0.002,v1
2025-07-18 14:15:00,118992.3,117940.6,15,60.0,421.122275,-0.008838387021681136,0.0,bybit_spot_1m_ohlcv,0.002,v1
2025-08-31 00:30:00,108905.7,109211.7,15,60.0,131.542332,0.0028097702875055867,1.0,bybit_spot_1m_ohlcv,0.002,v1
2026-03-30 14:45:00,67166.6,67802.4,15,60.0,293.939481,0.00946601435832659,1.0,bybit_spot_1m_ohlcv,0.002,v1
2025-07-22 02:45:00,117280.6,117019.1,15,60.0,84.01924700000001,-0.002229695277820865,0.0,bybit_spot_1m_ohlcv,0.002,v1
2025-05-05 13:45:00,93976.8,94232.7,15,60.0,336.995676,0.002723012488188483,1.0,bybit_spot_1m_ohlcv,0.002,v1
2025-05-19 13:30:00,102565.8,103034.0,15,60.0,245.542028,0.004564874451327757,1.0,bybit_spot_1m_ohlcv,0.002,v1
2026-01-06 21:45:00,93634.0,93258.9,15,60.0,176.733838,-0.004006023453019222,0.0,bybit_spot_1m_ohlcv,0.002,v1
2026-03-16 03:15:00,72493.0,72854.6,15,60.0,133.530623,0.004988067813444068,1.0,bybit_spot_1m_ohlcv,0.002,v1
2025-11-04 06:30:00,104889.4,104524.9,15,60.0,143.667872,-0.003475088998506966,0.0,bybit_spot_1m_ohlcv,0.002,v1
2026-06-03 10:00:00,67087.6,67304.7,15,60.0,204.175882,0.003236067469994276,1.0,bybit_spot_1m_ohlcv,0.002,v1
2025-07-30 00:15:00,117978.1,117710.6,15,60.0,52.315525,-0.0022673699610351217,0.0,bybit_spot_1m_ohlcv,0.002,v1
2026-05-29 07:30:00,73605.6,73412.1,15,60.0,172.282326,-0.00262887606377772,0.0,bybit_spot_1m_ohlcv,0.002,v1
2026-01-07 17:15:00,91263.6,91603.0,15,60.0,125.191388,0.003718897786192857,1.0,bybit_spot_1m_ohlcv,0.002,v1
2026-05-22 18:45:00,76129.0,76532.9,15,60.0,388.98867,0.005305468349774578,1.0,bybit_spot_1m_ohlcv,0.002,v1
2026-02-04 11:30:00,75872.0,76036.0,15,60.0,88.02721199999999,0.0021615352172079006,1.0,bybit_spot_1m_ohlcv,0.002,v1
2025-08-25 19:30:00,111867.3,111177.3,15,60.0,193.733277,-0.006168022290696153,0.0,bybit_spot_1m_ohlcv,0.002,v1
2026-01-27 15:00:00,87716.3,87974.1,15,60.0,269.364807,0.002939020455719176,1.0,bybit_spot_1m_ohlcv,0.002,v1
2025-11-26 17:45:00,89564.8,89842.6,15,60.0,302.403771,0.0031016649397977753,1.0,bybit_spot_1m_ohlcv,0.002,v1
2026-03-03 15:00:00,66576.8,66867.6,15,60.0,204.214147,0.004367887912906576,1.0,bybit_spot_1m_ohlcv,0.002,v1
2026-02-23 03:30:00,64868.5,65013.1,15,60.0,170.82729999999998,0.002229125076115469,1.0,bybit_spot_1m_ohlcv,0.002,v1
2025-07-09 22:00:00,110969.0,111319.2,15,60.0,198.502897,0.003155836314646378,1.0,bybit_spot_1m_ohlcv,0.002,v1
2026-03-08 05:15:00,66972.1,67126.4,15,60.0,63.082755,0.0023039444783721284,1.0,bybit_spot_1m_ohlcv,0.002,v1
2025-07-28 20:30:00,117577.0,117847.5,15,60.0,69.690963,0.0023006200192214267,1.0,bybit_spot_1m_ohlcv,0.002,v1
2025-07-25 09:45:00,115572.5,116027.8,15,60.0,242.81623100000002,0.003939518484068433,1.0,bybit_spot_1m_ohlcv,0.002,v1
2026-06-13 03:15:00,63672.5,63511.2,15,60.0,129.224732,-0.002533275746986539,0.0,bybit_spot_1m_ohlcv,0.002,v1
2025-06-24 20:15:00,105528.8,105807.6,15,60.0,69.949944,0.0026419328183396405,1.0,bybit_spot_1m_ohlcv,0.002,v1
2025-09-01 13:15:00,109225.5,109448.2,15,60.0,91.749245,0.00203890117234524,1.0,bybit_spot_1m_ohlcv,0.002,v1
2025-11-25 13:30:00,87641.8,87035.1,15,60.0,222.494697,-0.006922495886665839,0.0,bybit_spot_1m_ohlcv,0.002,v1
2026-02-26 14:15:00,67943.1,68112.6,15,60.0,144.058297,0.0024947345646577426,1.0,bybit_spot_1m_ohlcv,0.002,v1
2025-09-18 03:00:00,116949.3,117438.4,15,60.0,395.855328,0.004182154147138863,1.0,bybit_spot_1m_ohlcv,0.002,v1
2026-01-29 22:45:00,84393.6,84563.9,15,60.0,26.028896,0.00201792552989784,1.0,bybit_spot_1m_ohlcv,0.002,v1
2025-07-16 18:00:00,119071.2,119322.4,15,60.0,97.336255,0.0021096621181275993,1.0,bybit_spot_1m_ohlcv,0.002,v1
2025-11-05 00:00:00,101619.4,101103.5,15,60.0,142.328125,-0.005076786519109433,0.0,bybit_spot_1m_ohlcv,0.002,v1
2025-05-16 16:15:00,104382.0,103960.0,15,60.0,174.748689,-0.004042842635703435,0.0,bybit_spot_1m_ohlcv,0.002,v1
2026-02-16 23:00:00,68596.8,68740.6,15,60.0,48.415873,0.0020963076994845358,1.0,bybit_spot_1m_ohlcv,0.002,v1
2025-09-23 23:15:00,112168.4,111889.0,15,60.0,66.803674,-0.002490897614657887,0.0,bybit_spot_1m_ohlcv,0.002,v1
2026-02-02 18:15:00,78717.2,78425.6,15,60.0,136.532652,-0.003704400054879843,0.0,bybit_spot_1m_ohlcv,0.002,v1
2025-10-28 14:45:00,114453.2,115076.8,15,60.0,305.987168,0.005448515200972977,1.0,bybit_spot_1m_ohlcv,0.002,v1
2025-10-14 19:00:00,112935.9,113175.0,15,60.0,96.061635,0.00211713015967468,1.0,bybit_spot_1m_ohlcv,0.002,v1
2025-10-15 17:30:00,110398.6,110713.6,15,60.0,119.352412,0.0028532970526799896,1.0,bybit_spot_1m_ohlcv,0.002,v1
2025-11-25 18:45:00,87574.5,87234.0,15,60.0,104.91567500000001,-0.0038881181165749856,0.0,bybit_spot_1m_ohlcv,0.002,v1
2025-11-03 17:00:00,106579.8,106832.0,15,60.0,86.596,0.0023663020572378133,1.0,bybit_spot_1m_ohlcv,0.002,v1
2026-01-09 15:30:00,91602.7,91242.9,15,60.0,471.50543700000003,-0.0039278318215511,0.0,bybit_spot_1m_ohlcv,0.002,v1
2026-04-19 21:45:00,74789.7,74422.9,15,60.0,164.400518,-0.00490441865657969,0.0,bybit_spot_1m_ohlcv,0.002,v1
2025-10-28 20:00:00,113614.5,112933.9,15,60.0,477.395554,-0.005990432559224393,0.0,bybit_spot_1m_ohlcv,0.002,v1
2026-01-08 07:30:00,90254.8,90440.0,15,60.0,120.50612100000001,0.0020519684271639296,1.0,bybit_spot_1m_ohlcv,0.002,v1
2025-06-26 15:45:00,107052.8,107308.9,15,60.0,163.706603,0.0023922774556105852,1.0,bybit_spot_1m_ohlcv,0.002,v1
2026-02-04 11:00:00,76251.8,75819.0,15,60.0,142.44357499999998,-0.005675931584565835,0.0,bybit_spot_1m_ohlcv,0.002,v1
2026-04-23 17:45:00,77139.3,77762.8,15,60.0,297.360366,0.008082780113379196,1.0,bybit_spot_1m_ohlcv,0.002,v1
2026-01-16 15:15:00,95531.0,94723.4,15,60.0,304.385249,-0.008453800337063333,0.0,bybit_spot_1m_ohlcv,0.002,v1
2025-11-04 08:00:00,104536.4,103873.1,15,60.0,226.76748800000001,-0.006345158241531008,0.0,bybit_spot_1m_ohlcv,0.002,v1
2026-06-08 11:00:00,63100.0,63446.1,15,60.0,145.048547,0.0054849445324880045,1.0,bybit_spot_1m_ohlcv,0.002,v1
2025-06-13 18:00:00,105418.7,105039.8,15,60.0,124.058138,-0.0035942389727817796,0.0,bybit_spot_1m_ohlcv,0.002,v1
2025-08-24 20:00:00,112426.2,112156.7,15,60.0,467.53652,-0.0023971280715704845,0.0,bybit_spot_1m_ohlcv,0.002,v1
2025-07-07 13:15:00,108181.4,108420.3,15,60.0,168.00395,0.002208327864124577,1.0,bybit_spot_1m_ohlcv,0.002,v1
2025-06-01 21:30:00,105162.5,105375.1,15,60.0,49.287043000000004,0.002021633186734851,1.0,bybit_spot_1m_ohlcv,0.002,v1
2025-08-13 14:45:00,121547.2,120914.6,15,60.0,473.190364,-0.0052045625074044165,0.0,bybit_spot_1m_ohlcv,0.002,v1
2026-04-07 12:15:00,68230.3,68425.5,15,60.0,120.976281,0.0028608990433867973,1.0,bybit_spot_1m_ohlcv,0.002,v1
2026-04-14 20:00:00,74238.5,74414.1,15,60.0,158.408198,0.002365349515413208,1.0,bybit_spot_1m_ohlcv,0.002,v1
2026-04-10 17:45:00,72954.7,73129.0,15,60.0,150.363112,0.0023891538173688677,1.0,bybit_spot_1m_ohlcv,0.002,v1
2026-04-18 00:30:00,77230.5,77010.4,15,60.0,96.761523,-0.002849910333352794,0.0,bybit_spot_1m_ohlcv,0.002,v1
2026-03-16 23:30:00,74607.1,74881.5,15,60.0,107.275517,0.0036779341376355665,1.0,bybit_spot_1m_ohlcv,0.002,v1
2026-05-29 18:15:00,73996.3,73796.8,15,60.0,158.408904,-0.0026960807499834083,0.0,bybit_spot_1m_ohlcv,0.002,v1
2026-03-02 04:45:00,66729.5,66863.6,15,60.0,70.87545800000001,0.0020096059463955793,1.0,bybit_spot_1m_ohlcv,0.002,v1
2025-08-13 19:45:00,122499.8,122749.7,15,60.0,127.449665,0.0020400033306176182,1.0,bybit_spot_1m_ohlcv,0.002,v1
2026-03-31 14:15:00,67454.0,67735.8,15,60.0,225.39624799999999,0.004177661813976914,1.0,bybit_spot_1m_ohlcv,0.002,v1
2026-06-06 06:00:00,61017.9,61163.5,15,60.0,270.761334,0.0023861850375053247,1.0,bybit_spot_1m_ohlcv,0.002,v1
2025-09-17 17:30:00,115686.7,116023.3,15,60.0,143.296443,0.002909582518993133,1.0,bybit_spot_1m_ohlcv,0.002,v1
2026-06-10 11:15:00,61183.2,60963.8,15,60.0,191.506194,-0.003585951699159093,0.0,bybit_spot_1m_ohlcv,0.002,v1
2026-04-17 10:45:00,75104.1,75272.0,15,60.0,70.862864,0.0022355637042450666,1.0,bybit_spot_1m_ohlcv,0.002,v1
2025-10-23 08:00:00,109322.6,109715.4,15,60.0,102.83532,0.0035930356577687024,1.0,bybit_spot_1m_ohlcv,0.002,v1
2025-10-30 12:15:00,109340.8,108782.4,15,60.0,260.108994,-0.005106968304603621,0.0,bybit_spot_1m_ohlcv,0.002,v1
2025-10-23 01:00:00,107865.9,108328.1,15,60.0,186.431582,0.004284950109348806,1.0,bybit_spot_1m_ohlcv,0.002,v1
2025-09-03 01:45:00,110916.6,111168.4,15,60.0,99.87809,0.0022701741668964435,1.0,bybit_spot_1m_ohlcv,0.002,v1
2025-05-16 20:30:00,103849.5,103612.0,15,60.0,54.293197,-0.002286963345995866,0.0,bybit_spot_1m_ohlcv,0.002,v1
2026-03-08 22:15:00,66074.6,65910.9,15,60.0,220.153596,-0.0024775027014920883,0.0,bybit_spot_1m_ohlcv,0.002,v1
2026-05-04 14:00:00,78786.9,78958.1,15,60.0,192.736797,0.002172950071649087,1.0,bybit_spot_1m_ohlcv,0.002,v1
2025-06-10 13:45:00,108987.8,109311.2,15,60.0,204.436855,0.002967304597395224,1.0,bybit_spot_1m_ohlcv,0.002,v1
2025-05-29 16:45:00,106976.5,106729.0,15,60.0,146.901971,-0.002313592237547477,0.0,bybit_spot_1m_ohlcv,0.002,v1
2026-06-04 13:30:00,63420.8,63801.4,15,60.0,722.3518789999999,0.006001185730864204,1.0,bybit_spot_1m_ohlcv,0.002,v1
2026-04-27 19:30:00,76536.9,76780.0,15,60.0,186.95042,0.00317624570631947,1.0,bybit_spot_1m_ohlcv,0.002,v1
2025-11-22 00:15:00,85436.8,84892.1,15,60.0,178.049478,-0.006375472864152106,0.0,bybit_spot_1m_ohlcv,0.002,v1
2025-10-19 11:15:00,108138.3,107844.3,15,60.0,164.195499,-0.0027187407236843675,0.0,bybit_spot_1m_ohlcv,0.002,v1
2026-02-11 06:15:00,66857.1,67121.4,15,60.0,131.432409,0.00395320766231237,1.0,bybit_spot_1m_ohlcv,0.002,v1
2026-05-04 10:30:00,78525.9,78932.7,15,60.0,265.282779,0.005180456384454017,1.0,bybit_spot_1m_ohlcv,0.002,v1
2026-02-17 16:15:00,67787.2,67533.9,15,60.0,126.052364,-0.003736693653079035,0.0,bybit_spot_1m_ohlcv,0.002,v1
2025-07-20 22:15:00,117029.4,117282.8,15,60.0,293.785755,0.002165267872859355,1.0,bybit_spot_1m_ohlcv,0.002,v1
2025-04-30 16:00:00,93965.6,93749.4,15,60.0,132.621815,-0.0023008420102676864,0.0,bybit_spot_1m_ohlcv,0.002,v1
2025-08-28 17:15:00,112250.0,112506.6,15,60.0,53.668386,0.0022859688195991405,1.0,bybit_spot_1m_ohlcv,0.002,v1
2026-05-03 22:15:00,79394.5,79087.0,15,60.0,215.309845,-0.0038730642550805928,0.0,bybit_spot_1m_ohlcv,0.002,v1
2026-04-22 05:15:00,77528.2,78257.3,15,60.0,749.482892,0.00940431997647303,1.0,bybit_spot_1m_ohlcv,0.002,v1
2025-07-19 20:45:00,117966.1,117715.8,15,60.0,37.74149,-0.0021217960074970755,0.0,bybit_spot_1m_ohlcv,0.002,v1
2025-11-08 21:30:00,102104.1,102334.9,15,60.0,38.21959,0.0022604381214856805,1.0,bybit_spot_1m_ohlcv,0.002,v1
2026-02-17 17:00:00,67527.8,67265.3,15,60.0,123.303413,-0.003887287902167642,0.0,bybit_spot_1m_ohlcv,0.002,v1
2025-11-17 23:45:00,92013.0,92211.0,15,60.0,89.12266100000001,0.002151869844478474,1.0,bybit_spot_1m_ohlcv,0.002,v1
2026-02-19 13:30:00,66165.3,65963.6,15,60.0,180.854788,-0.0030484256853667104,0.0,bybit_spot_1m_ohlcv,0.002,v1
2025-07-29 20:45:00,117168.2,117502.8,15,60.0,119.380634,0.0028557236519806822,1.0,bybit_spot_1m_ohlcv,0.002,v1
2026-03-13 17:30:00,71611.1,71202.4,15,60.0,193.788035,-0.005707215780793842,0.0,bybit_spot_1m_ohlcv,0.002,v1
2025-06-26 13:45:00,107169.3,106953.1,15,60.0,190.060955,-0.0020173687800517036,0.0,bybit_spot_1m_ohlcv,0.002,v1
2025-10-29 07:45:00,113259.0,113563.0,15,60.0,113.380332,0.0026841134037912866,1.0,bybit_spot_1m_ohlcv,0.002,v1
2025-10-20 16:00:00,110794.3,111075.4,15,60.0,267.457562,0.002537134130546325,1.0,bybit_spot_1m_ohlcv,0.002,v1
2025-06-18 13:30:00,103863.3,104210.2,15,60.0,226.502576,0.00333996705284726,1.0,bybit_spot_1m_ohlcv,0.002,v1
2025-10-17 09:45:00,105094.1,104529.1,15,60.0,164.036422,-0.005376134340557601,0.0,bybit_spot_1m_ohlcv,0.002,v1
2025-06-25 00:15:00,106389.9,106165.7,15,60.0,74.381635,-0.0021073428962711215,0.0,bybit_spot_1m_ohlcv,0.002,v1
2025-09-02 12:30:00,109461.0,108764.1,15,60.0,201.789864,-0.006366651136020937,0.0,bybit_spot_1m_ohlcv,0.002,v1
2025-07-15 09:00:00,116769.3,117108.4,15,60.0,114.559544,0.0029040167235736478,1.0,bybit_spot_1m_ohlcv,0.002,v1
2026-01-14 14:45:00,95954.5,96500.5,15,60.0,553.6624,0.005690196916246703,1.0,bybit_spot_1m_ohlcv,0.002,v1
2025-08-14 01:00:00,123889.0,123607.4,15,60.0,85.333651,-0.0022730024457377454,0.0,bybit_spot_1m_ohlcv,0.002,v1
2026-02-08 16:30:00,71121.8,70792.2,15,60.0,102.010254,-0.0046343034062692615,0.0,bybit_spot_1m_ohlcv,0.002,v1
2026-06-11 03:45:00,62434.1,62693.8,15,60.0,539.039343,0.004159585867338525,1.0,bybit_spot_1m_ohlcv,0.002,v1
2026-01-20 02:00:00,92682.0,92479.0,15,60.0,57.885649,-0.0021902850607453204,0.0,bybit_spot_1m_ohlcv,0.002,v1
2025-12-01 16:30:00,84599.1,85131.5,15,60.0,253.878697,0.006293211157092544,1.0,bybit_spot_1m_ohlcv,0.002,v1
2026-03-17 11:00:00,73740.7,73931.7,15,60.0,104.743014,0.0025901571316789425,1.0,bybit_spot_1m_ohlcv,0.002,v1
2026-01-09 19:15:00,90547.2,90324.2,15,60.0,123.552232,-0.002462803929884055,0.0,bybit_spot_1m_ohlcv,0.002,v1
2026-03-09 13:00:00,68168.5,68463.1,15,60.0,132.476254,0.004321644161159502,1.0,bybit_spot_1m_ohlcv,0.002,v1
2025-10-12 17:45:00,114366.5,113829.3,15,60.0,216.791543,-0.004697179681112847,0.0,bybit_spot_1m_ohlcv,0.002,v1
2025-05-12 03:45:00,103894.1,104110.7,15,60.0,43.781464,0.0020848152108732753,1.0,bybit_spot_1m_ohlcv,0.002,v1
2025-07-22 09:30:00,118227.1,118519.4,15,60.0,141.235394,0.0024723603979120343,1.0,bybit_spot_1m_ohlcv,0.002,v1
2026-01-12 04:00:00,91833.0,92094.1,15,60.0,101.304828,0.0028432045125390978,1.0,bybit_spot_1m_ohlcv,0.002,v1
2026-06-09 17:15:00,61597.3,61752.1,15,60.0,187.474968,0.0025130971649730285,1.0,bybit_spot_1m_ohlcv,0.002,v1
2026-06-04 18:15:00,63168.1,63894.6,15,60.0,267.722733,0.011501058287331558,1.0,bybit_spot_1m_ohlcv,0.002,v1
2025-08-07 01:45:00,114993.2,114757.6,15,60.0,122.80985199999999,-0.0020488167996019695,0.0,bybit_spot_1m_ohlcv,0.002,v1
2026-04-15 20:00:00,74913.4,74667.8,15,60.0,192.179579,-0.0032784521861240847,0.0,bybit_spot_1m_ohlcv,0.002,v1
2025-04-29 23:00:00,94092.2,93818.7,15,60.0,218.096516,-0.002906723405340688,0.0,bybit_spot_1m_ohlcv,0.002,v1
2026-04-17 17:00:00,77817.5,77495.1,15,60.0,281.705173,-0.004143026954091175,0.0,bybit_spot_1m_ohlcv,0.002,v1
2026-03-03 16:45:00,67906.0,68168.7,15,60.0,231.58334200000002,0.0038685830412628222,1.0,bybit_spot_1m_ohlcv,0.002,v1
2025-06-15 12:45:00,105080.9,105292.5,15,60.0,84.41914899999999,0.002013686597659554,1.0,bybit_spot_1m_ohlcv,0.002,v1
2025-11-16 22:45:00,93664.9,94181.3,15,60.0,271.728244,0.005513271246753087,1.0,bybit_spot_1m_ohlcv,0.002,v1
2025-11-24 20:00:00,88396.8,88651.5,15,60.0,143.180818,0.002881326020851368,1.0,bybit_spot_1m_ohlcv,0.002,v1
2025-08-10 20:30:00,118320.8,118676.3,15,60.0,52.624474,0.0030045435798270207,1.0,bybit_spot_1m_ohlcv,0.002,v1
2026-02-06 05:30:00,65386.2,65970.9,15,60.0,166.363852,0.008942253870082498,1.0,bybit_spot_1m_ohlcv,0.002,v1
2025-08-20 15:00:00,113450.1,113900.1,15,60.0,122.69684699999999,0.003966501572056754,1.0,bybit_spot_1m_ohlcv,0.002,v1
2026-04-09 19:15:00,72053.9,71821.3,15,60.0,124.169825,-0.0032281389348805278,0.0,bybit_spot_1m_ohlcv,0.002,v1
2026-03-02 08:15:00,66008.8,65744.9,15,60.0,133.120333,-0.003997951788246487,0.0,bybit_spot_1m_ohlcv,0.002,v1
2025-12-08 15:30:00,89897.1,89689.6,15,60.0,205.160772,-0.0023081945913716647,0.0,bybit_spot_1m_ohlcv,0.002,v1
2026-04-05 22:45:00,68090.7,68340.0,15,60.0,241.570186,0.0036612929519009092,1.0,bybit_spot_1m_ohlcv,0.002,v1
2026-05-28 14:30:00,73040.2,72864.9,15,60.0,332.77347399999996,-0.002400048192639129,0.0,bybit_spot_1m_ohlcv,0.002,v1
2026-03-02 20:45:00,69262.3,69106.2,15,60.0,257.496617,-0.0022537513192603126,0.0,bybit_spot_1m_ohlcv,0.002,v1
2026-06-11 15:45:00,62625.1,62753.9,15,60.0,124.308924,0.0020566833426214227,1.0,bybit_spot_1m_ohlcv,0.002,v1
2025-06-19 13:30:00,104755.9,104535.3,15,60.0,43.979757,-0.002105847976104345,0.0,bybit_spot_1m_ohlcv,0.002,v1
2025-05-05 12:00:00,94002.1,94199.5,15,60.0,82.857067,0.002099953086154374,1.0,bybit_spot_1m_ohlcv,0.002,v1
2026-04-01 12:45:00,68609.3,68388.8,15,60.0,227.549771,-0.0032138500174174168,0.0,bybit_spot_1m_ohlcv,0.002,v1
2026-03-10 16:00:00,71393.0,71141.6,15,60.0,156.708261,-0.0035213536341096555,0.0,bybit_spot_1m_ohlcv,0.002,v1
2026-03-31 01:30:00,67782.2,67934.4,15,60.0,392.99727,0.00224542726556522,1.0,bybit_spot_1m_ohlcv,0.002,v1
2026-01-19 00:15:00,92269.7,92636.0,15,60.0,358.162706,0.003969883938064163,1.0,bybit_spot_1m_ohlcv,0.002,v1
2025-05-26 16:15:00,110066.2,109337.2,15,60.0,335.57232,-0.0066232867129054455,0.0,bybit_spot_1m_ohlcv,0.002,v1
2026-06-10 16:00:00,62571.9,62344.3,15,60.0,177.118062,-0.0036374155171889446,0.0,bybit_spot_1m_ohlcv,0.002,v1
2025-10-09 17:45:00,120462.4,120976.7,15,60.0,152.548726,0.004269381981431539,1.0,bybit_spot_1m_ohlcv,0.002,v1
2026-03-16 15:45:00,73592.7,73276.0,15,60.0,139.167071,-0.00430341596381153,0.0,bybit_spot_1m_ohlcv,0.002,v1
2026-05-20 17:15:00,77363.2,77563.5,15,60.0,91.392616,0.002589086283917939,1.0,bybit_spot_1m_ohlcv,0.002,v1
2025-07-04 19:15:00,107585.2,107295.5,15,60.0,90.845157,-0.0026927495603483974,0.0,bybit_spot_1m_ohlcv,0.002,v1
2025-12-10 20:00:00,92836.4,94268.8,15,60.0,702.84261,0.015429292820488444,1.0,bybit_spot_1m_ohlcv,0.002,v1
2025-07-28 00:30:00,119583.0,119258.3,15,60.0,70.680249,-0.0027152688927355425,0.0,bybit_spot_1m_ohlcv,0.002,v1
2025-10-21 15:00:00,112111.3,112412.0,15,60.0,639.643776,0.002682156036010593,1.0,bybit_spot_1m_ohlcv,0.002,v1
2025-05-18 17:45:00,105509.1,104832.4,15,60.0,196.359659,-0.00641366479289469,0.0,bybit_spot_1m_ohlcv,0.002,v1
2026-05-10 22:00:00,80888.0,81316.4,15,60.0,322.968477,0.005296212046286085,1.0,bybit_spot_1m_ohlcv,0.002,v1
2025-12-24 07:45:00,87153.6,86912.6,15,60.0,44.760555,-0.002765232876209327,0.0,bybit_spot_1m_ohlcv,0.002,v1
2026-02-03 00:15:00,78565.1,78911.3,15,60.0,103.665028,0.0044065367446867966,1.0,bybit_spot_1m_ohlcv,0.002,v1
2025-06-24 07:45:00,105262.2,104950.6,15,60.0,212.75289800000002,-0.0029602269380650252,0.0,bybit_spot_1m_ohlcv,0.002,v1
2025-06-16 14:15:00,106901.3,107349.4,15,60.0,174.096089,0.004191717032440083,1.0,bybit_spot_1m_ohlcv,0.002,v1
2026-03-09 06:00:00,67851.2,67620.0,15,60.0,129.616354,-0.0034074563161741235,0.0,bybit_spot_1m_ohlcv,0.002,v1
2025-04-30 14:00:00,93126.0,93426.7,15,60.0,372.938698,0.003228958615209435,1.0,bybit_spot_1m_ohlcv,0.002,v1
2026-03-04 09:00:00,70925.7,71073.7,15,60.0,339.648554,0.0020866907200069638,1.0,bybit_spot_1m_ohlcv,0.002,v1
2026-03-11 04:15:00,69672.4,69984.4,15,60.0,83.526557,0.004478100366859697,1.0,bybit_spot_1m_ohlcv,0.002,v1
2025-11-14 01:15:00,98839.5,99113.6,15,60.0,128.263891,0.002773182786234279,1.0,bybit_spot_1m_ohlcv,0.002,v1
2026-01-30 05:15:00,82988.4,83250.1,15,60.0,190.26713,0.0031534527717127754,1.0,bybit_spot_1m_ohlcv,0.002,v1
2026-04-17 08:30:00,75143.1,75337.2,15,60.0,178.38598,0.002583071499578653,1.0,bybit_spot_1m_ohlcv,0.002,v1
2026-05-21 09:30:00,77942.3,77695.9,15,60.0,80.705308,-0.003161312919942131,0.0,bybit_spot_1m_ohlcv,0.002,v1
2025-05-21 19:45:00,108050.1,108610.0,15,60.0,484.651268,0.005181855454090176,1.0,bybit_spot_1m_ohlcv,0.002,v1
2025-10-14 05:15:00,113479.2,113036.5,15,60.0,191.999469,-0.0039011554540390944,0.0,bybit_spot_1m_ohlcv,0.002,v1
2025-11-21 08:15:00,84682.7,84229.9,15,60.0,297.721915,-0.005347018930667038,0.0,bybit_spot_1m_ohlcv,0.002,v1
2025-07-16 05:00:00,117668.6,117983.0,15,60.0,119.837864,0.002671910773137366,1.0,bybit_spot_1m_ohlcv,0.002,v1
2026-01-14 16:00:00,96793.8,97380.7,15,60.0,392.10488399999997,0.006063404887503002,1.0,bybit_spot_1m_ohlcv,0.002,v1
2026-01-05 00:30:00,91784.8,92041.4,15,60.0,94.289503,0.0027956698712639613,1.0,bybit_spot_1m_ohlcv,0.002,v1
2025-05-11 21:00:00,104239.9,104030.4,15,60.0,47.750665,-0.002009787039319857,0.0,bybit_spot_1m_ohlcv,0.002,v1
2026-06-10 21:45:00,61638.7,61354.9,15,60.0,201.560979,-0.004604250251870838,0.0,bybit_spot_1m_ohlcv,0.002,v1
2025-05-05 01:15:00,94532.0,94221.7,15,60.0,115.073447,-0.003282486353827271,0.0,bybit_spot_1m_ohlcv,0.002,v1
2025-06-24 15:30:00,105574.5,105254.2,15,60.0,151.71077400000001,-0.0030338765516294166,0.0,bybit_spot_1m_ohlcv,0.002,v1
2026-03-24 04:30:00,70514.3,70344.1,15,60.0,126.71242099999999,-0.0024136948108397114,0.0,bybit_spot_1m_ohlcv,0.002,v1
2026-02-08 22:45:00,70920.0,71070.0,15,60.0,44.217678,0.0021150592216581765,1.0,bybit_spot_1m_ohlcv,0.002,v1
2026-02-26 13:00:00,68158.6,68022.1,15,60.0,103.068804,-0.002002681979970216,0.0,bybit_spot_1m_ohlcv,0.002,v1
2025-10-11 03:00:00,113278.6,112260.2,15,60.0,376.207349,-0.008990224102345894,0.0,bybit_spot_1m_ohlcv,0.002,v1
2025-05-22 08:45:00,110621.4,110400.1,15,60.0,193.558101,-0.002000517078973746,0.0,bybit_spot_1m_ohlcv,0.002,v1
2026-01-21 16:45:00,88340.5,87588.8,15,60.0,425.818709,-0.008509120958110817,0.0,bybit_spot_1m_ohlcv,0.002,v1
2026-03-31 14:00:00,67491.6,67344.1,15,60.0,212.340875,-0.002185457153186438,0.0,bybit_spot_1m_ohlcv,0.002,v1
2025-10-12 08:15:00,111526.9,111765.5,15,60.0,66.58461199999999,0.0021393941730650065,1.0,bybit_spot_1m_ohlcv,0.002,v1
2025-07-03 16:45:00,109511.3,109274.3,15,60.0,150.466649,-0.0021641602282138723,0.0,bybit_spot_1m_ohlcv,0.002,v1
2026-04-21 14:45:00,76456.1,75663.5,15,60.0,290.049219,-0.010366733328014317,0.0,bybit_spot_1m_ohlcv,0.002,v1
2026-02-12 07:15:00,66961.3,67223.7,15,60.0,77.09886399999999,0.003918681387607323,1.0,bybit_spot_1m_ohlcv,0.002,v1
2026-01-21 23:00:00,89804.1,90188.0,15,60.0,117.089203,0.004274860501914611,1.0,bybit_spot_1m_ohlcv,0.002,v1
2026-04-20 22:15:00,76084.4,75922.6,15,60.0,72.73402,-0.002126585738994935,0.0,bybit_spot_1m_ohlcv,0.002,v1
2025-05-31 15:30:00,104812.9,104550.5,15,60.0,74.402429,-0.002503508633002156,0.0,bybit_spot_1m_ohlcv,0.002,v1
2025-09-26 07:15:00,109571.5,109289.7,15,60.0,108.720064,-0.002571836654604531,0.0,bybit_spot_1m_ohlcv,0.002,v1
2025-11-11 21:15:00,103024.9,102791.1,15,60.0,57.071467999999996,-0.0022693543017269233,0.0,bybit_spot_1m_ohlcv,0.002,v1
2026-02-06 17:15:00,70283.4,70924.2,15,60.0,366.724073,0.009117373376928176,1.0,bybit_spot_1m_ohlcv,0.002,v1
2026-03-03 13:00:00,67348.3,66974.0,15,60.0,83.429304,-0.005557675546376038,0.0,bybit_spot_1m_ohlcv,0.002,v1
2025-08-01 00:30:00,115772.1,115506.2,15,60.0,192.436033,-0.0022967537083632967,0.0,bybit_spot_1m_ohlcv,0.002,v1
2026-05-20 01:45:00,76597.3,76815.5,15,60.0,86.165118,0.0028486643785093496,1.0,bybit_spot_1m_ohlcv,0.002,v1
2026-02-25 23:30:00,68226.6,67696.8,15,60.0,362.649613,-0.00776529975112339,0.0,bybit_spot_1m_ohlcv,0.002,v1
2026-03-31 20:15:00,68146.7,68004.6,15,60.0,62.714114,-0.0020852073541343776,0.0,bybit_spot_1m_ohlcv,0.002,v1
2025-06-10 00:15:00,110036.4,110269.7,15,60.0,111.322487,0.0021202074949743977,1.0,bybit_spot_1m_ohlcv,0.002,v1
2025-09-29 02:30:00,111887.8,111662.1,15,60.0,129.877859,-0.002017199372943208,0.0,bybit_spot_1m_ohlcv,0.002,v1
2025-12-04 00:30:00,92854.2,93041.6,15,60.0,80.38020399999999,0.0020182178081336838,1.0,bybit_spot_1m_ohlcv,0.002,v1
2025-05-23 22:45:00,108087.5,107789.0,15,60.0,155.901491,-0.0027616514398056875,0.0,bybit_spot_1m_ohlcv,0.002,v1
2026-03-27 13:45:00,66458.5,66176.4,15,60.0,297.813922,-0.004244754245130444,0.0,bybit_spot_1m_ohlcv,0.002,v1
2025-07-03 09:30:00,109946.9,110248.5,15,60.0,247.548571,0.002743142371453884,1.0,bybit_spot_1m_ohlcv,0.002,v1
2026-01-12 01:00:00,91225.2,91529.7,15,60.0,285.345238,0.003337893476802426,1.0,bybit_spot_1m_ohlcv,0.002,v1
2025-06-03 00:00:00,105786.9,106168.4,15,60.0,155.934417,0.003606306640992376,1.0,bybit_spot_1m_ohlcv,0.002,v1
2025-04-29 16:30:00,95113.2,95448.2,15,60.0,207.090072,0.0035221189067342544,1.0,bybit_spot_1m_ohlcv,0.002,v1
2025-06-23 13:30:00,101135.2,101998.3,15,60.0,469.890032,0.0085341206622422,1.0,bybit_spot_1m_ohlcv,0.002,v1
2025-11-21 21:15:00,84502.3,84955.2,15,60.0,127.895233,0.005359617430531344,1.0,bybit_spot_1m_ohlcv,0.002,v1
2026-03-31 20:45:00,68038.0,68270.8,15,60.0,51.906817,0.003421617331491218,1.0,bybit_spot_1m_ohlcv,0.002,v1
2025-12-15 15:15:00,87307.7,86872.7,15,60.0,410.24882,-0.004982378415649422,0.0,bybit_spot_1m_ohlcv,0.002,v1
2026-05-27 13:00:00,75722.7,75437.6,15,60.0,232.623433,-0.0037650532799277828,0.0,bybit_spot_1m_ohlcv,0.002,v1
2025-11-08 11:30:00,102430.1,102021.6,15,60.0,161.75448,-0.0039880855334515535,0.0,bybit_spot_1m_ohlcv,0.002,v1
2025-08-29 01:00:00,112226.8,111910.6,15,60.0,57.220836,-0.0028175088303328106,0.0,bybit_spot_1m_ohlcv,0.002,v1
2025-07-16 12:45:00,118977.0,118607.7,15,60.0,91.422078,-0.0031039612698252586,0.0,bybit_spot_1m_ohlcv,0.002,v1
2026-02-12 00:00:00,67062.6,67364.3,15,60.0,88.595574,0.004498781735274095,1.0,bybit_spot_1m_ohlcv,0.002,v1
2025-11-07 18:00:00,102357.0,102588.9,15,60.0,160.712055,0.0022655998124211526,1.0,bybit_spot_1m_ohlcv,0.002,v1
2025-11-14 04:30:00,98782.7,97569.2,15,60.0,626.559116,-0.012284539701789764,0.0,bybit_spot_1m_ohlcv,0.002,v1
2025-10-28 20:15:00,112865.6,112529.9,15,60.0,447.363551,-0.0029743340752187435,0.0,bybit_spot_1m_ohlcv,0.002,v1
2026-03-05 06:00:00,72353.3,72140.7,15,60.0,226.359691,-0.0029383594113883246,0.0,bybit_spot_1m_ohlcv,0.002,v1
2025-10-21 22:15:00,110451.7,109615.1,15,60.0,202.870163,-0.0075743515038698694,0.0,bybit_spot_1m_ohlcv,0.002,v1
2025-11-27 16:45:00,91246.9,91461.6,15,60.0,84.27425099999999,0.0023529566483903486,1.0,bybit_spot_1m_ohlcv,0.002,v1
2026-02-03 15:45:00,77448.8,78127.6,15,60.0,202.814975,0.008764499901870578,1.0,bybit_spot_1m_ohlcv,0.002,v1
2026-01-21 22:15:00,90234.8,89999.2,15,60.0,86.388486,-0.0026109660574412884,0.0,bybit_spot_1m_ohlcv,0.002,v1
2026-06-05 11:15:00,62248.9,62472.8,15,60.0,257.598074,0.003596850707402024,1.0,bybit_spot_1m_ohlcv,0.002,v1
2026-01-14 14:00:00,95006.0,95474.7,15,60.0,133.207472,0.004933372629097027,1.0,bybit_spot_1m_ohlcv,0.002,v1
2026-04-13 14:30:00,71641.4,71983.8,15,60.0,280.397262,0.0047793594206702265,1.0,bybit_spot_1m_ohlcv,0.002,v1
2026-03-03 18:00:00,68368.8,68079.5,15,60.0,144.78684800000002,-0.004231462304442942,0.0,bybit_spot_1m_ohlcv,0.002,v1
2025-08-14 12:45:00,119621.1,118852.4,15,60.0,307.776373,-0.006426123819292793,0.0,bybit_spot_1m_ohlcv,0.002,v1
2025-11-06 21:00:00,100960.8,100609.8,15,60.0,77.652414,-0.0034765968573941225,0.0,bybit_spot_1m_ohlcv,0.002,v1
2025-06-23 16:30:00,100195.3,100575.7,15,60.0,677.792535,0.003796585268969606,1.0,bybit_spot_1m_ohlcv,0.002,v1
2026-06-12 15:15:00,64304.0,64140.4,15,60.0,290.568253,-0.0025441652152276067,0.0,bybit_spot_1m_ohlcv,0.002,v1
2025-11-03 17:15:00,106847.4,107083.9,15,60.0,168.153156,0.0022134371075009573,1.0,bybit_spot_1m_ohlcv,0.002,v1
2026-02-04 22:00:00,72846.9,72333.4,15,60.0,240.227111,-0.007049030226406243,0.0,bybit_spot_1m_ohlcv,0.002,v1
2025-08-15 14:00:00,117665.8,118037.0,15,60.0,158.078856,0.003154697456695097,1.0,bybit_spot_1m_ohlcv,0.002,v1
2025-07-15 18:30:00,116757.9,116361.2,15,60.0,345.133425,-0.003397628768588624,0.0,bybit_spot_1m_ohlcv,0.002,v1
2025-08-01 15:30:00,114793.5,115219.0,15,60.0,102.504896,0.003706655864661294,1.0,bybit_spot_1m_ohlcv,0.002,v1
2026-02-18 18:15:00,67078.0,66877.9,15,60.0,204.645537,-0.0029830943081189483,0.0,bybit_spot_1m_ohlcv,0.002,v1
2026-02-01 15:45:00,77198.8,77602.7,15,60.0,173.238575,0.0052319466105689326,1.0,bybit_spot_1m_ohlcv,0.002,v1
2026-02-27 15:00:00,66172.9,66031.6,15,60.0,262.449716,-0.002135315212118348,0.0,bybit_spot_1m_ohlcv,0.002,v1
2025-08-02 21:00:00,112855.3,112603.8,15,60.0,83.784214,-0.002228517402372753,0.0,bybit_spot_1m_ohlcv,0.002,v1
2025-11-19 15:45:00,90501.4,89943.7,15,60.0,360.887136,-0.006162335610277752,0.0,bybit_spot_1m_ohlcv,0.002,v1
2026-06-05 06:30:00,61688.6,62151.0,15,60.0,607.072649,0.0074957123358285645,1.0,bybit_spot_1m_ohlcv,0.002,v1
2025-06-27 01:00:00,106656.0,106902.8,15,60.0,154.477532,0.0023139813981398194,1.0,bybit_spot_1m_ohlcv,0.002,v1
2025-10-06 13:45:00,124539.3,125034.0,15,60.0,257.164371,0.00397224008806853,1.0,bybit_spot_1m_ohlcv,0.002,v1
2026-02-05 14:15:00,69555.1,70124.3,15,60.0,190.464911,0.008183440179080884,1.0,bybit_spot_1m_ohlcv,0.002,v1
2026-04-17 16:45:00,78045.8,77856.7,15,60.0,179.09508,-0.0024229362758790784,0.0,bybit_spot_1m_ohlcv,0.002,v1
2025-09-15 14:15:00,114646.6,115010.8,15,60.0,100.964266,0.003176718716473004,1.0,bybit_spot_1m_ohlcv,0.002,v1
2026-02-09 19:15:00,70450.2,70672.2,15,60.0,69.577003,0.0031511620974815804,1.0,bybit_spot_1m_ohlcv,0.002,v1
2026-02-27 16:00:00,66039.0,65896.9,15,60.0,158.012234,-0.0021517588091885653,0.0,bybit_spot_1m_ohlcv,0.002,v1
2026-01-23 14:15:00,89422.7,89682.0,15,60.0,134.376766,0.0028997111471695666,1.0,bybit_spot_1m_ohlcv,0.002,v1
2025-08-14 14:00:00,118386.8,118027.1,15,60.0,127.889331,-0.0030383454912202546,0.0,bybit_spot_1m_ohlcv,0.002,v1
2026-03-27 07:30:00,68924.1,68601.7,15,60.0,162.816785,-0.004677609138167985,0.0,bybit_spot_1m_ohlcv,0.002,v1
2025-11-17 13:15:00,94995.4,94584.4,15,60.0,207.31126899999998,-0.004326525284382146,0.0,bybit_spot_1m_ohlcv,0.002,v1
2025-12-12 17:30:00,89946.3,90191.7,15,60.0,75.074733,0.0027282945490808563,1.0,bybit_spot_1m_ohlcv,0.002,v1
2025-12-17 12:45:00,86821.8,87025.3,15,60.0,55.877728,0.002343881375414903,1.0,bybit_spot_1m_ohlcv,0.002,v1
2026-03-14 04:45:00,71253.9,71040.7,15,60.0,61.002705,-0.0029921169227227437,0.0,bybit_spot_1m_ohlcv,0.002,v1
2026-02-28 17:00:00,65094.5,64949.9,15,60.0,62.998094,-0.002221385831368185,0.0,bybit_spot_1m_ohlcv,0.002,v1
2026-03-23 10:00:00,68363.3,68605.6,15,60.0,132.888117,0.0035442993536005333,1.0,bybit_spot_1m_ohlcv,0.002,v1
2025-11-12 16:45:00,101734.7,101439.8,15,60.0,212.462384,-0.0028987159739989527,0.0,bybit_spot_1m_ohlcv,0.002,v1
2026-04-13 17:15:00,72289.8,72452.5,15,60.0,202.073518,0.00225066330242987,1.0,bybit_spot_1m_ohlcv,0.002,v1
2025-06-05 16:15:00,104293.9,104017.7,15,60.0,234.532612,-0.002648285278429462,0.0,bybit_spot_1m_ohlcv,0.002,v1
2026-02-12 01:00:00,67509.7,67702.6,15,60.0,65.598693,0.0028573671635336237,1.0,bybit_spot_1m_ohlcv,0.002,v1
2025-05-19 05:30:00,102743.1,103034.8,15,60.0,362.44374,0.0028391200966293036,1.0,bybit_spot_1m_ohlcv,0.002,v1
2026-02-27 22:30:00,65413.2,65586.6,15,60.0,240.872414,0.002650841114637506,1.0,bybit_spot_1m_ohlcv,0.002,v1
2026-03-19 06:15:00,70880.2,70733.4,15,60.0,54.111235,-0.0020711002508458053,0.0,bybit_spot_1m_ohlcv,0.002,v1
2026-04-13 22:45:00,74187.1,74625.1,15,60.0,353.955026,0.00590399139473027,1.0,bybit_spot_1m_ohlcv,0.002,v1
2025-05-15 21:00:00,103425.1,103203.4,15,60.0,70.229629,-0.002143580233425053,0.0,bybit_spot_1m_ohlcv,0.002,v1
2025-05-09 15:15:00,103080.1,102871.1,15,60.0,173.842135,-0.0020275494494087407,0.0,bybit_spot_1m_ohlcv,0.002,v1
2025-11-03 18:30:00,107231.1,106895.9,15,60.0,60.312884,-0.0031259587936709452,0.0,bybit_spot_1m_ohlcv,0.002,v1
2026-01-25 08:30:00,88682.1,88320.8,15,60.0,177.467534,-0.0040741028911133,0.0,bybit_spot_1m_ohlcv,0.002,v1
2026-01-12 22:00:00,91222.0,91408.1,15,60.0,61.626298999999996,0.002040078051347304,1.0,bybit_spot_1m_ohlcv,0.002,v1
2026-06-08 01:00:00,63615.0,63072.1,15,60.0,135.049726,-0.008534150750609022,0.0,bybit_spot_1m_ohlcv,0.002,v1
2025-11-11 07:30:00,105184.2,104928.2,15,60.0,85.0462,-0.002433825612591982,0.0,bybit_spot_1m_ohlcv,0.002,v1
2025-11-24 06:00:00,87453.0,86935.9,15,60.0,133.406437,-0.005912890352532216,0.0,bybit_spot_1m_ohlcv,0.002,v1
2026-03-05 16:30:00,71037.4,71342.9,15,60.0,218.56306,0.004300551540456094,1.0,bybit_spot_1m_ohlcv,0.002,v1
2025-08-30 02:00:00,107464.0,107776.1,15,60.0,236.452688,0.0029042283927641155,1.0,bybit_spot_1m_ohlcv,0.002,v1
2025-12-15 00:30:00,88567.3,88258.9,15,60.0,84.819659,-0.0034820977945585474,0.0,bybit_spot_1m_ohlcv,0.002,v1
2026-04-29 14:15:00,76544.2,76710.5,15,60.0,189.286031,0.002172600928613804,1.0,bybit_spot_1m_ohlcv,0.002,v1
2026-01-19 22:45:00,92811.6,92568.2,15,60.0,74.323854,-0.0026225170129596524,0.0,bybit_spot_1m_ohlcv,0.002,v1
2026-02-20 16:30:00,67338.9,67498.6,15,60.0,227.496578,0.0023715861114453796,1.0,bybit_spot_1m_ohlcv,0.002,v1
2026-04-12 20:30:00,71067.6,71321.8,15,60.0,105.26627,0.003576876101064247,1.0,bybit_spot_1m_ohlcv,0.002,v1
2025-11-04 19:30:00,101220.6,100829.6,15,60.0,124.084452,-0.0038628500522620503,0.0,bybit_spot_1m_ohlcv,0.002,v1
2025-06-06 06:00:00,102934.9,103179.0,15,60.0,112.483884,0.0023714017306084084,1.0,bybit_spot_1m_ohlcv,0.002,v1
2026-03-09 01:45:00,66607.5,66191.4,15,60.0,92.595279,-0.006247044251773443,0.0,bybit_spot_1m_ohlcv,0.002,v1
2025-12-30 16:30:00,89174.7,88710.6,15,60.0,306.27602,-0.005204390931508444,0.0,bybit_spot_1m_ohlcv,0.002,v1
2025-07-24 03:45:00,118882.8,118494.8,15,60.0,127.784659,-0.003263718553062316,0.0,bybit_spot_1m_ohlcv,0.002,v1
2026-03-18 02:00:00,74092.9,74281.8,15,60.0,41.727450000000005,0.002549502044055587,1.0,bybit_spot_1m_ohlcv,0.002,v1
2025-06-02 19:45:00,104083.9,104425.5,15,60.0,83.620265,0.0032819677202718437,1.0,bybit_spot_1m_ohlcv,0.002,v1
2026-01-21 08:30:00,89284.2,89033.3,15,60.0,101.867167,-0.002810127659765013,0.0,bybit_spot_1m_ohlcv,0.002,v1
2026-02-14 11:15:00,70043.3,70194.3,15,60.0,312.943233,0.0021558093350826962,1.0,bybit_spot_1m_ohlcv,0.002,v1
2026-04-03 14:00:00,66650.2,66784.9,15,60.0,62.381753,0.0020209991867990653,1.0,bybit_spot_1m_ohlcv,0.002,v1
2026-02-08 09:30:00,70569.9,70130.8,15,60.0,70.688615,-0.006222199549666147,0.0,bybit_spot_1m_ohlcv,0.002,v1
2025-12-14 11:15:00,89747.2,89513.4,15,60.0,64.123161,-0.002605095200741642,0.0,bybit_spot_1m_ohlcv,0.002,v1
2025-10-17 06:45:00,107138.1,106734.9,15,60.0,407.220564,-0.0037633670934990246,0.0,bybit_spot_1m_ohlcv,0.002,v1
2025-11-11 14:30:00,104425.5,104094.8,15,60.0,217.651009,-0.0031668510086137382,0.0,bybit_spot_1m_ohlcv,0.002,v1
2025-06-03 20:15:00,105975.8,105610.4,15,60.0,76.460825,-0.00344795698640638,0.0,bybit_spot_1m_ohlcv,0.002,v1
2025-12-17 16:30:00,86205.9,86612.7,15,60.0,269.100921,0.004718934550883388,1.0,bybit_spot_1m_ohlcv,0.002,v1
2025-06-23 05:45:00,101522.2,101765.7,15,60.0,109.797024,0.0023984901824428313,1.0,bybit_spot_1m_ohlcv,0.002,v1
2026-03-11 02:30:00,69962.2,69702.6,15,60.0,89.942247,-0.00371057513914639,0.0,bybit_spot_1m_ohlcv,0.002,v1
2025-05-12 20:30:00,102250.1,102532.2,15,60.0,154.162737,0.0027589215071671174,1.0,bybit_spot_1m_ohlcv,0.002,v1
2026-03-22 19:45:00,68391.2,68203.0,15,60.0,136.12086299999999,-0.002751816023114002,0.0,bybit_spot_1m_ohlcv,0.002,v1
2025-12-12 12:45:00,92154.5,92426.9,15,60.0,71.601308,0.002955905571621475,1.0,bybit_spot_1m_ohlcv,0.002,v1
2025-09-22 17:00:00,112616.3,112306.1,15,60.0,118.633125,-0.0027544858071166813,0.0,bybit_spot_1m_ohlcv,0.002,v1
2026-06-06 07:00:00,60783.2,61095.5,15,60.0,196.614052,0.005137932849866374,1.0,bybit_spot_1m_ohlcv,0.002,v1
2026-02-06 12:15:00,66256.4,66395.1,15,60.0,122.331666,0.002093382676994367,1.0,bybit_spot_1m_ohlcv,0.002,v1
2025-08-21 16:45:00,112643.6,112383.6,15,60.0,100.335668,-0.002308164866889887,0.0,bybit_spot_1m_ohlcv,0.002,v1
2026-01-30 17:45:00,83161.1,82944.9,15,60.0,106.464819,-0.0025997732112731675,0.0,bybit_spot_1m_ohlcv,0.002,v1
2026-02-23 16:15:00,65255.9,65624.8,15,60.0,299.795138,0.005653128682617139,1.0,bybit_spot_1m_ohlcv,0.002,v1
2026-06-05 04:45:00,63058.6,63615.9,15,60.0,274.758966,0.00883781117880819,1.0,bybit_spot_1m_ohlcv,0.002,v1
2026-02-10 00:30:00,70000.3,69782.1,15,60.0,62.525684,-0.0031171294980163505,0.0,bybit_spot_1m_ohlcv,0.002,v1
2025-06-09 12:30:00,107598.4,107924.0,15,60.0,118.078092,0.0030260673021160426,1.0,bybit_spot_1m_ohlcv,0.002,v1
2025-09-09 20:45:00,111153.3,111525.2,15,60.0,93.087756,0.003345829588505162,1.0,bybit_spot_1m_ohlcv,0.002,v1
2026-04-13 19:15:00,72398.7,72853.9,15,60.0,425.148198,0.006287405713085881,1.0,bybit_spot_1m_ohlcv,0.002,v1
2025-06-23 22:15:00,105225.0,105984.2,15,60.0,432.156704,0.007215015443098027,1.0,bybit_spot_1m_ohlcv,0.002,v1
2025-08-21 15:00:00,113309.7,112706.3,15,60.0,114.191307,-0.005325228113744797,0.0,bybit_spot_1m_ohlcv,0.002,v1
2025-12-24 15:00:00,87097.5,86913.7,15,60.0,138.406371,-0.0021102787106403835,0.0,bybit_spot_1m_ohlcv,0.002,v1
2026-06-08 04:00:00,63159.3,63006.2,15,60.0,118.6575,-0.0024240293986792665,0.0,bybit_spot_1m_ohlcv,0.002,v1
2026-04-19 14:15:00,75781.5,75962.6,15,60.0,95.615672,0.0023897653121144795,1.0,bybit_spot_1m_ohlcv,0.002,v1
2025-11-03 12:30:00,108154.0,107833.2,15,60.0,71.093664,-0.002966140873199326,0.0,bybit_spot_1m_ohlcv,0.002,v1
2025-12-01 09:45:00,86885.6,86705.9,15,60.0,97.009833,-0.0020682368539782143,0.0,bybit_spot_1m_ohlcv,0.002,v1
2026-02-10 13:30:00,68716.6,69022.1,15,60.0,90.426295,0.004445796212268877,1.0,bybit_spot_1m_ohlcv,0.002,v1
2026-01-06 14:00:00,93765.5,94108.9,15,60.0,145.71941900000002,0.0036623278284655925,1.0,bybit_spot_1m_ohlcv,0.002,v1
2026-02-04 13:45:00,75296.7,74866.4,15,60.0,251.69484,-0.005714725877760874,0.0,bybit_spot_1m_ohlcv,0.002,v1
2025-08-11 02:30:00,121373.2,121729.9,15,60.0,159.748461,0.0029388695362731984,1.0,bybit_spot_1m_ohlcv,0.002,v1
2026-05-20 15:15:00,77807.1,77555.1,15,60.0,413.897537,-0.003238778980324376,0.0,bybit_spot_1m_ohlcv,0.002,v1
2025-07-16 15:30:00,119394.6,119046.6,15,60.0,356.27349100000004,-0.002914704685136489,0.0,bybit_spot_1m_ohlcv,0.002,v1
2025-05-12 14:30:00,102701.7,103450.5,15,60.0,599.691053,0.007291018551786345,1.0,bybit_spot_1m_ohlcv,0.002,v1
2025-05-29 14:45:00,107391.2,107613.8,15,60.0,275.25032,0.0020727955363195843,1.0,bybit_spot_1m_ohlcv,0.002,v1
2026-04-27 16:30:00,76797.8,76602.5,15,60.0,102.899257,-0.0025430415975457674,0.0,bybit_spot_1m_ohlcv,0.002,v1
2026-04-10 16:00:00,72482.4,72701.6,15,60.0,193.843465,0.003024182422215719,1.0,bybit_spot_1m_ohlcv,0.002,v1
2025-09-15 14:45:00,114953.4,114669.2,15,60.0,84.499492,-0.0024723061692824627,0.0,bybit_spot_1m_ohlcv,0.002,v1
2026-01-28 03:00:00,89276.0,89083.8,15,60.0,80.513115,-0.002152874232716463,0.0,bybit_spot_1m_ohlcv,0.002,v1
2025-05-23 16:15:00,108396.7,108722.6,15,60.0,402.718332,0.0030065490923617206,1.0,bybit_spot_1m_ohlcv,0.002,v1
2026-03-21 14:00:00,70772.8,71016.8,15,60.0,104.804901,0.0034476522053669845,1.0,bybit_spot_1m_ohlcv,0.002,v1
2026-02-06 18:00:00,70716.2,70056.5,15,60.0,392.48352,-0.009328838370839889,0.0,bybit_spot_1m_ohlcv,0.002,v1
2026-05-26 10:30:00,77221.1,77511.6,15,60.0,303.912564,0.0037619251733010304,1.0,bybit_spot_1m_ohlcv,0.002,v1
2026-04-01 02:15:00,67828.6,67635.9,15,60.0,81.382048,-0.0028409844814725467,0.0,bybit_spot_1m_ohlcv,0.002,v1
2025-11-12 08:15:00,103339.1,103856.1,15,60.0,154.949284,0.0050029466097536645,1.0,bybit_spot_1m_ohlcv,0.002,v1
2026-04-17 12:45:00,75828.0,76238.0,15,60.0,418.038223,0.005406973677269539,1.0,bybit_spot_1m_ohlcv,0.002,v1
2025-10-30 10:00:00,110112.7,109871.8,15,60.0,119.89358200000001,-0.0021877585419301498,0.0,bybit_spot_1m_ohlcv,0.002,v1
2025-05-24 13:15:00,108623.2,108876.1,15,60.0,48.948627,0.002328231906259495,1.0,bybit_spot_1m_ohlcv,0.002,v1
2026-01-27 17:30:00,87795.5,87362.3,15,60.0,268.693416,-0.004934193665962289,0.0,bybit_spot_1m_ohlcv,0.002,v1
2025-11-24 02:30:00,87679.0,87385.0,15,60.0,164.24149500000001,-0.003353140432714751,0.0,bybit_spot_1m_ohlcv,0.002,v1
2025-10-28 14:00:00,115531.3,115798.2,15,60.0,149.603346,0.0023101964575832855,1.0,bybit_spot_1m_ohlcv,0.002,v1
2025-07-13 19:30:00,119374.0,119080.8,15,60.0,131.220567,-0.0024561462294971654,0.0,bybit_spot_1m_ohlcv,0.002,v1
2025-10-30 08:00:00,111323.0,110855.9,15,60.0,137.481284,-0.004195898421709814,0.0,bybit_spot_1m_ohlcv,0.002,v1
2025-04-29 18:15:00,95199.4,95402.2,15,60.0,129.063691,0.002130265526883581,1.0,bybit_spot_1m_ohlcv,0.002,v1
2026-04-29 17:45:00,75980.8,76185.5,15,60.0,77.046603,0.0026941016677896833,1.0,bybit_spot_1m_ohlcv,0.002,v1
2026-03-10 05:30:00,70108.2,69921.8,15,60.0,58.506553000000004,-0.002658747478896784,0.0,bybit_spot_1m_ohlcv,0.002,v1
2026-03-07 13:30:00,68026.3,67882.9,15,60.0,58.123152,-0.0021080082262302465,0.0,bybit_spot_1m_ohlcv,0.002,v1
2026-05-23 18:00:00,75491.9,75695.7,15,60.0,108.29188400000001,0.0026996273772417994,1.0,bybit_spot_1m_ohlcv,0.002,v1
2025-06-07 06:45:00,104899.3,105335.1,15,60.0,132.712631,0.00415446051594242,1.0,bybit_spot_1m_ohlcv,0.002,v1
2025-05-17 01:00:00,103166.4,102926.8,15,60.0,122.929247,-0.0023224615766372476,0.0,bybit_spot_1m_ohlcv,0.002,v1
2026-01-21 16:00:00,90282.1,89741.2,15,60.0,201.875998,-0.005991220851087897,0.0,bybit_spot_1m_ohlcv,0.002,v1
2025-10-20 03:30:00,108770.6,109120.5,15,60.0,103.62651199999999,0.0032168619093761635,1.0,bybit_spot_1m_ohlcv,0.002,v1
2026-02-25 00:00:00,64065.3,63913.1,15,60.0,70.094613,-0.0023757010425300745,0.0,bybit_spot_1m_ohlcv,0.002,v1
2025-06-22 21:45:00,99390.8,99185.8,15,60.0,55.322959,-0.00206256514687474,0.0,bybit_spot_1m_ohlcv,0.002,v1
2026-03-02 13:30:00,65766.4,65589.4,15,60.0,167.271684,-0.0026913439081354203,0.0,bybit_spot_1m_ohlcv,0.002,v1
2025-05-28 06:00:00,108946.3,108640.4,15,60.0,88.296593,-0.0028078053132598894,0.0,bybit_spot_1m_ohlcv,0.002,v1
2025-06-23 01:30:00,100644.8,100863.8,15,60.0,62.042262,0.002175969349633541,1.0,bybit_spot_1m_ohlcv,0.002,v1
2026-03-26 18:45:00,68328.7,68493.1,15,60.0,152.065717,0.002406016798212264,1.0,bybit_spot_1m_ohlcv,0.002,v1
2026-04-16 19:00:00,75002.4,74826.6,15,60.0,217.166959,-0.0023439249943999927,0.0,bybit_spot_1m_ohlcv,0.002,v1
2025-07-19 16:15:00,117849.5,118113.8,15,60.0,58.230838,0.0022426908896516374,1.0,bybit_spot_1m_ohlcv,0.002,v1
2025-12-01 14:30:00,86307.8,86047.0,15,60.0,342.551262,-0.00302174311012446,0.0,bybit_spot_1m_ohlcv,0.002,v1
2026-01-29 18:15:00,84504.7,83872.7,15,60.0,303.690237,-0.007478873956123062,0.0,bybit_spot_1m_ohlcv,0.002,v1
2025-11-07 17:00:00,101051.2,101632.6,15,60.0,113.771809,0.005753519008185978,1.0,bybit_spot_1m_ohlcv,0.002,v1
2025-10-12 03:00:00,110109.0,110687.7,15,60.0,338.942356,0.0052557011688417095,1.0,bybit_spot_1m_ohlcv,0.002,v1
2025-09-24 00:15:00,112037.1,112290.8,15,60.0,113.70805,0.0022644284794946924,1.0,bybit_spot_1m_ohlcv,0.002,v1
2026-02-22 17:30:00,67515.2,67260.1,15,60.0,216.800615,-0.0037784084176598377,0.0,bybit_spot_1m_ohlcv,0.002,v1
2025-11-22 20:30:00,84708.1,84427.7,15,60.0,35.133747,-0.003310191115135452,0.0,bybit_spot_1m_ohlcv,0.002,v1
2025-05-08 21:30:00,103286.6,102993.5,15,60.0,293.84453,-0.0028377350014426165,0.0,bybit_spot_1m_ohlcv,0.002,v1
2026-02-05 04:30:00,70942.0,71350.6,15,60.0,178.251393,0.005759634631107102,1.0,bybit_spot_1m_ohlcv,0.002,v1
2026-05-23 14:30:00,75298.9,75468.9,15,60.0,110.954978,0.0022576691027358666,1.0,bybit_spot_1m_ohlcv,0.002,v1
2026-02-03 08:45:00,78954.7,78744.7,15,60.0,60.016155,-0.002659752997604922,0.0,bybit_spot_1m_ohlcv,0.002,v1
2025-12-09 13:45:00,90160.0,90419.9,15,60.0,79.294019,0.002882653061224393,1.0,bybit_spot_1m_ohlcv,0.002,v1
2025-05-22 15:15:00,110887.5,111124.0,15,60.0,117.90566799999999,0.0021327922443918194,1.0,bybit_spot_1m_ohlcv,0.002,v1
2025-12-15 02:00:00,89279.9,89527.3,15,60.0,126.847134,0.0027710604514566656,1.0,bybit_spot_1m_ohlcv,0.002,v1
2026-02-16 23:45:00,68751.1,68891.7,15,60.0,60.865373,0.0020450581881597415,1.0,bybit_spot_1m_ohlcv,0.002,v1
2025-07-23 14:00:00,117359.3,117686.3,15,60.0,211.656011,0.0027863151876331674,1.0,bybit_spot_1m_ohlcv,0.002,v1
2025-09-01 04:15:00,107737.0,107467.0,15,60.0,120.704718,-0.0025061028244706784,0.0,bybit_spot_1m_ohlcv,0.002,v1
2026-02-24 22:00:00,63991.8,64217.0,15,60.0,118.61830499999999,0.0035192008976149066,1.0,bybit_spot_1m_ohlcv,0.002,v1
2025-04-29 01:45:00,95369.9,94861.1,15,60.0,159.946107,-0.005335016603771033,0.0,bybit_spot_1m_ohlcv,0.002,v1
2025-11-11 06:00:00,105294.5,105066.0,15,60.0,153.047064,-0.0021701038515781717,0.0,bybit_spot_1m_ohlcv,0.002,v1
2025-05-05 17:15:00,94080.6,94365.0,15,60.0,65.86213000000001,0.003022939904719901,1.0,bybit_spot_1m_ohlcv,0.002,v1
2026-02-24 15:15:00,63600.4,63928.2,15,60.0,343.60006699999997,0.005154055634870072,1.0,bybit_spot_1m_ohlcv,0.002,v1
2026-03-26 11:15:00,69561.8,69314.3,15,60.0,153.470324,-0.0035579872861253793,0.0,bybit_spot_1m_ohlcv,0.002,v1
2025-12-24 15:30:00,86887.0,87060.9,15,60.0,146.243401,0.002001450159402352,1.0,bybit_spot_1m_ohlcv,0.002,v1
2026-02-11 18:45:00,67021.6,67274.9,15,60.0,104.600406,0.0037793785883951524,1.0,bybit_spot_1m_ohlcv,0.002,v1
2026-01-09 03:30:00,90982.0,91198.0,15,60.0,37.395629,0.002374095975028001,1.0,bybit_spot_1m_ohlcv,0.002,v1
2025-10-11 07:00:00,111750.5,111358.2,15,60.0,298.231521,-0.003510498834457111,0.0,bybit_spot_1m_ohlcv,0.002,v1
2026-03-02 05:45:00,66919.7,66732.6,15,60.0,71.59907,-0.002795888206312767,0.0,bybit_spot_1m_ohlcv,0.002,v1
2025-12-30 14:45:00,88105.8,88879.7,15,60.0,472.203606,0.008783757709480935,1.0,bybit_spot_1m_ohlcv,0.002,v1
2026-02-04 03:00:00,75971.3,76642.5,15,60.0,111.892102,0.008834915290379238,1.0,bybit_spot_1m_ohlcv,0.002,v1
2025-10-14 19:30:00,113359.7,112121.3,15,60.0,356.238386,-0.010924517266718095,0.0,bybit_spot_1m_ohlcv,0.002,v1
2026-03-19 14:15:00,69474.1,69160.4,15,60.0,198.688273,-0.004515351764182726,0.0,bybit_spot_1m_ohlcv,0.002,v1
2025-11-15 07:15:00,96068.1,96335.1,15,60.0,74.383049,0.002779278449349963,1.0,bybit_spot_1m_ohlcv,0.002,v1
2026-03-27 01:45:00,68899.7,69046.1,15,60.0,63.643354,0.002124827829439121,1.0,bybit_spot_1m_ohlcv,0.002,v1
2025-07-23 17:30:00,117500.3,117859.3,15,60.0,124.669927,0.0030553113481412127,1.0,bybit_spot_1m_ohlcv,0.002,v1
2026-03-05 18:15:00,71041.7,70818.7,15,60.0,128.053389,-0.0031390014597060156,0.0,bybit_spot_1m_ohlcv,0.002,v1
2026-04-21 12:00:00,76449.2,76257.3,15,60.0,111.32784,-0.0025101636119147313,0.0,bybit_spot_1m_ohlcv,0.002,v1
2025-08-13 22:30:00,122946.4,123507.2,15,60.0,164.757668,0.004561337298204733,1.0,bybit_spot_1m_ohlcv,0.002,v1
2025-09-30 15:00:00,113533.4,113220.3,15,60.0,128.746705,-0.0027577787681861772,0.0,bybit_spot_1m_ohlcv,0.002,v1
2026-01-21 07:30:00,89556.9,89226.3,15,60.0,154.16768100000002,-0.0036915078570159037,0.0,bybit_spot_1m_ohlcv,0.002,v1
2025-08-11 04:45:00,121738.7,122072.1,15,60.0,477.34895600000004,0.0027386525402358164,1.0,bybit_spot_1m_ohlcv,0.002,v1
2025-10-22 09:30:00,108235.0,107863.1,15,60.0,67.736667,-0.0034360419457660713,0.0,bybit_spot_1m_ohlcv,0.002,v1
2025-08-01 18:00:00,114503.1,114128.9,15,60.0,131.719017,-0.0032680337912249393,0.0,bybit_spot_1m_ohlcv,0.002,v1
2025-09-08 13:45:00,112290.4,111912.0,15,60.0,215.848969,-0.003369833930594163,0.0,bybit_spot_1m_ohlcv,0.002,v1
2025-12-27 22:00:00,87674.7,87854.8,15,60.0,67.603523,0.002054184388426807,1.0,bybit_spot_1m_ohlcv,0.002,v1
2026-03-13 14:45:00,72929.0,72387.3,15,60.0,375.35445100000004,-0.007427772216813471,0.0,bybit_spot_1m_ohlcv,0.002,v1
